-- phpMyAdmin SQL Dump
-- version 4.9.2
-- https://www.phpmyadmin.net/
--
-- Host: 127.0.0.1:3308
-- Generation Time: Jun 14, 2021 at 04:01 AM
-- Server version: 8.0.18
-- PHP Version: 7.3.12

SET SQL_MODE = "NO_AUTO_VALUE_ON_ZERO";
SET AUTOCOMMIT = 0;
START TRANSACTION;
SET time_zone = "+00:00";


/*!40101 SET @OLD_CHARACTER_SET_CLIENT=@@CHARACTER_SET_CLIENT */;
/*!40101 SET @OLD_CHARACTER_SET_RESULTS=@@CHARACTER_SET_RESULTS */;
/*!40101 SET @OLD_COLLATION_CONNECTION=@@COLLATION_CONNECTION */;
/*!40101 SET NAMES utf8mb4 */;

--
-- Database: `store`
--

-- --------------------------------------------------------

--
-- Table structure for table `items`
--

DROP TABLE IF EXISTS `items`;
CREATE TABLE IF NOT EXISTS `items` (
  `id` int(11) NOT NULL,
  `name` varchar(255) CHARACTER SET latin1 COLLATE latin1_swedish_ci NOT NULL,
  `price` int(11) NOT NULL,
  PRIMARY KEY (`id`)
) ENGINE=InnoDB DEFAULT CHARSET=utf8mb4 COLLATE=utf8mb4_0900_ai_ci;

--
-- Dumping data for table `items`
--

INSERT INTO `items` (`id`, `name`, `price`) VALUES
(1, 'Canon EOS', 36000),
(2, 'Nikon DSLR', 40000),
(3, 'Sony DSLR', 45000),
(4, 'Olympus DSLR', 50000),
(5, 'Titan Model #301 ', 13000),
(6, 'Titan Model #201', 3000),
(7, 'HMT Milan', 8000),
(8, 'Faber Luba #111', 18000),
(9, 'H&W', 800),
(10, 'Luis Phil', 1000),
(11, 'John Zok', 1500),
(12, 'Jhalsani', 1300);

-- --------------------------------------------------------

--
-- Table structure for table `items_backup`
--

DROP TABLE IF EXISTS `items_backup`;
CREATE TABLE IF NOT EXISTS `items_backup` (
  `id` int(11) NOT NULL,
  `name` varchar(255) CHARACTER SET latin1 COLLATE latin1_swedish_ci NOT NULL,
  `price` int(11) NOT NULL,
  PRIMARY KEY (`id`)
) ENGINE=InnoDB DEFAULT CHARSET=utf8mb4 COLLATE=utf8mb4_0900_ai_ci;

--
-- Dumping data for table `items_backup`
--

INSERT INTO `items_backup` (`id`, `name`, `price`) VALUES
(1, 'Canon EOS', 36000),
(2, 'Nikon DSLR', 40000),
(3, 'Sony DSLR', 45000),
(4, 'Olympus DSLR', 50000),
(5, 'Titan Model #301 ', 13000),
(6, 'Titan Model #201', 3000),
(7, 'HMT Milan', 8000),
(8, 'Faber Luba #111', 18000),
(9, 'H&W', 800),
(10, 'Luis Phil', 1000),
(11, 'John Zok', 1500),
(12, 'Jhalsani', 1300);

-- --------------------------------------------------------

--
-- Table structure for table `users`
--

DROP TABLE IF EXISTS `users`;
CREATE TABLE IF NOT EXISTS `users` (
  `id` int(11) NOT NULL,
  `name` varchar(255) CHARACTER SET latin1 COLLATE latin1_swedish_ci NOT NULL,
  `email` varchar(255) CHARACTER SET latin1 COLLATE latin1_swedish_ci NOT NULL,
  `password` varchar(255) CHARACTER SET latin1 COLLATE latin1_swedish_ci NOT NULL,
  `contact` varchar(255) CHARACTER SET latin1 COLLATE latin1_swedish_ci NOT NULL,
  `city` varchar(255) CHARACTER SET latin1 COLLATE latin1_swedish_ci NOT NULL,
  `address` varchar(255) CHARACTER SET latin1 COLLATE latin1_swedish_ci NOT NULL,
  PRIMARY KEY (`id`)
) ENGINE=InnoDB DEFAULT CHARSET=utf8mb4 COLLATE=utf8mb4_0900_ai_ci;

--
-- Dumping data for table `users`
--

INSERT INTO `users` (`id`, `name`, `email`, `password`, `contact`, `city`, `address`) VALUES
(1, 'Nikhil', 'nik80choudhary@gmail.com', 'niknik', '913456789', 'Delhi', 'Palam, New Delhi'),
(2, 'Rahul', 'rahul40sharma@gmail.com', 'sharmasharma', '914789123', 'Gurgaon', 'sec 23, gurgaon'),
(3, 'Abhishek', 'abhishek20@gmail.com', 'abhi123', '915681233', 'Lucknow', 'sec 42,lucknow');

-- --------------------------------------------------------

--
-- Table structure for table `users_backup`
--

DROP TABLE IF EXISTS `users_backup`;
CREATE TABLE IF NOT EXISTS `users_backup` (
  `id` int(11) NOT NULL,
  `name` varchar(255) CHARACTER SET latin1 COLLATE latin1_swedish_ci NOT NULL,
  `email` varchar(255) CHARACTER SET latin1 COLLATE latin1_swedish_ci NOT NULL,
  `password` varchar(255) CHARACTER SET latin1 COLLATE latin1_swedish_ci NOT NULL,
  `contact` varchar(255) CHARACTER SET latin1 COLLATE latin1_swedish_ci NOT NULL,
  `city` varchar(255) CHARACTER SET latin1 COLLATE latin1_swedish_ci NOT NULL,
  `address` varchar(255) CHARACTER SET latin1 COLLATE latin1_swedish_ci NOT NULL,
  PRIMARY KEY (`id`)
) ENGINE=InnoDB DEFAULT CHARSET=utf8mb4 COLLATE=utf8mb4_0900_ai_ci;

--
-- Dumping data for table `users_backup`
--

INSERT INTO `users_backup` (`id`, `name`, `email`, `password`, `contact`, `city`, `address`) VALUES
(1, 'Nikhil', 'nik80choudhary@gmail.com', 'niknik', '913456789', 'Delhi', 'Palam, New Delhi'),
(2, 'Rahul', 'rahul40sharma@gmail.com', 'sharmasharma', '914789123', 'Gurgaon', 'sec 23, gurgaon'),
(3, 'Abhishek', 'abhishek20@gmail.com', 'abhi123', '915681233', 'Lucknow', 'sec 42,lucknow');

-- --------------------------------------------------------

--
-- Table structure for table `users_items`
--

DROP TABLE IF EXISTS `users_items`;
CREATE TABLE IF NOT EXISTS `users_items` (
  `id` int(11) NOT NULL,
  `user_id` int(11) NOT NULL,
  `item_id` int(11) NOT NULL,
  `status` enum('Added to cart','Confirmed') CHARACTER SET latin1 COLLATE latin1_swedish_ci NOT NULL,
  PRIMARY KEY (`id`),
  KEY `item_id` (`item_id`),
  KEY `user_id` (`user_id`) USING BTREE
) ENGINE=InnoDB DEFAULT CHARSET=utf8mb4 COLLATE=utf8mb4_0900_ai_ci;

--
-- Dumping data for table `users_items`
--

INSERT INTO `users_items` (`id`, `user_id`, `item_id`, `status`) VALUES
(1, 1, 1, 'Added to cart'),
(2, 2, 5, 'Added to cart'),
(3, 3, 8, 'Added to cart');

-- --------------------------------------------------------

--
-- Table structure for table `users_items_backup`
--

DROP TABLE IF EXISTS `users_items_backup`;
CREATE TABLE IF NOT EXISTS `users_items_backup` (
  `id` int(11) NOT NULL,
  `user_id` int(11) NOT NULL,
  `item_id` int(11) NOT NULL,
  `status` enum('Added to cart','Confirmed') CHARACTER SET latin1 COLLATE latin1_swedish_ci NOT NULL,
  PRIMARY KEY (`id`),
  KEY `item_id` (`item_id`),
  KEY `user_id` (`user_id`) USING BTREE
) ENGINE=InnoDB DEFAULT CHARSET=utf8mb4 COLLATE=utf8mb4_0900_ai_ci;

--
-- Dumping data for table `users_items_backup`
--

INSERT INTO `users_items_backup` (`id`, `user_id`, `item_id`, `status`) VALUES
(1, 1, 1, 'Added to cart'),
(2, 2, 5, 'Added to cart'),
(3, 3, 8, 'Added to cart');

--
-- Constraints for dumped tables
--

--
-- Constraints for table `users_items`
--
ALTER TABLE `users_items`
  ADD CONSTRAINT `users_items_ibfk_1` FOREIGN KEY (`user_id`) REFERENCES `users` (`id`) ON DELETE RESTRICT ON UPDATE RESTRICT,
  ADD CONSTRAINT `users_items_ibfk_2` FOREIGN KEY (`item_id`) REFERENCES `items` (`id`) ON DELETE RESTRICT ON UPDATE RESTRICT;
COMMIT;

/*!40101 SET CHARACTER_SET_CLIENT=@OLD_CHARACTER_SET_CLIENT */;
/*!40101 SET CHARACTER_SET_RESULTS=@OLD_CHARACTER_SET_RESULTS */;
/*!40101 SET COLLATION_CONNECTION=@OLD_COLLATION_CONNECTION */;
